model,factual,non_factual,unknown,failed,ents_per_sum,sum_with_extrinsic,rouge1,rouge2,rougeL
fbs_oracle,0.79,0.21,0.0,10,2.933333333333333,0.46,0.4637812624651902,0.23850990324128493,0.3894882684751051
fbs_classifier,0.69,0.31,0.0,13,2.8735632183908044,0.41,0.4557079968555406,0.2343114805616655,0.38181665898023126
baseline,0.66,0.34,0.0,0,3.09,0.61,0.4618721445421874,0.229120153726769,0.38945310893129276
corrector,0.68,0.32,0.0,0,3.07,0.61,0.46148825215516254,0.22935589981291288,0.3891772823758031
filtered,0.62,0.37,0.01,0,2.81,0.58,0.4455247382877834,0.20717310495107977,0.3734294847476117
