model,total,factual,non_factual,non_factual_extrinsic,non_factual_intrinsic,unknown,skipped,failed,ents_per_sum,sum_with_extrinsic,rouge1,rouge2,rougeL
fbs_oracle,25,0.68,0.32,0.28,0.12,0.0,0.0,0,3.84,0.92,0.49529692494513233,0.27257152070595014,0.40994274953772897
fbs_classifier,25,0.52,0.48,0.44,0.0,0.0,0.0,1,3.36,0.92,0.4811404872892961,0.24755217201567922,0.3953180827489469
fbs_classifier_i10,25,0.56,0.44,0.32,0.04,0.0,0.0,2,2.96,0.88,0.476053174460247,0.2436422760879356,0.38767044523496647
baseline-bart,25,0.48,0.52,0.48,0.08,0.0,0.0,0,3.88,0.96,0.49100203448934737,0.26357316273381365,0.4038162383702881
baseline-pegasus,25,0.24,0.36,0.36,0.04,0.4,0.0,0,3.76,1.0,0.5162233244695745,0.29756976050074413,0.4467428137459633
corrector,25,0.44,0.56,0.48,0.12,0.0,0.0,0,3.84,0.96,0.48125245982417164,0.2553604996926803,0.3959047670623974
gold,25,1.0,0.0,0.0,0.0,0.0,0.0,0,3.64,0.96,1.0,1.0,1.0
