model,total,factual,non_factual,non_factual_extrinsic,non_factual_intrinsic,extrinsic_factuality_ratio,extrinsic_entity_count,unknown,skipped,failed,ents_per_sum,sum_with_extrinsic,sum_with_extrinsic_factual
gef_oracle,25,0.68,0.32,0.28,0.08,0.8857142857142858,44,0.0,0.0,3,3.84,0.92,0.64
gef_classifier,25,0.56,0.44,0.44,0.08,0.8,40,0.0,0.0,6,3.56,0.88,0.44
gef_classifier_i10,25,0.56,0.44,0.44,0.08,0.8,40,0.0,0.0,7,3.48,0.88,0.44
gef_classifier_v2,25,0.56,0.44,0.44,0.08,0.7933333333333333,37,0.0,0.0,7,3.64,0.8,0.36
baseline-bart,25,0.48,0.52,0.48,0.08,0.8425925925925927,45,0.0,0.0,0,3.8,0.96,0.48
rl-fact,25,0.6,0.4,0.32,0.16,0.814021164021164,45,0.0,0.0,0,3.48,0.8,0.48
pinocchio,25,0.48,0.52,0.44,0.12,0.8333333333333334,45,0.0,0.0,0,3.8,0.92,0.48
corrector,25,0.44,0.56,0.52,0.12,0.8055555555555556,42,0.0,0.0,0,3.76,0.96,0.44
gold,25,1.0,0.0,0.0,0.0,1.0,50,0.0,0.0,0,3.56,0.96,0.96
