model,total,factual,non_factual,non_factual_extrinsic,non_factual_intrinsic,extrinsic_factuality_ratio,extrinsic_entity_count,unknown,skipped,failed,ents_per_sum,sum_with_extrinsic,sum_with_extrinsic_factual
gef_oracle,190,0.5842105263157895,0.41578947368421054,0.3157894736842105,0.14736842105263157,0.893793103448276,293,0.0,0.0,12,3.5631578947368423,0.9210526315789473,0.6052631578947368
gef_classifier,190,0.5263157894736842,0.47368421052631576,0.3684210526315789,0.17894736842105263,0.869921875,279,0.0,0.0,31,3.6157894736842104,0.868421052631579,0.5
gef_classifier_i10,190,0.5263157894736842,0.47368421052631576,0.3684210526315789,0.17894736842105263,0.869921875,279,0.0,0.0,30,3.6157894736842104,0.868421052631579,0.5
baseline-bart,190,0.4473684210526316,0.5526315789473685,0.4789473684210526,0.14210526315789473,0.8343896713615023,313,0.0,0.0,0,3.6526315789473682,0.9789473684210527,0.5
rl-fact,190,0.6052631578947368,0.39473684210526316,0.28421052631578947,0.15789473684210525,0.8846657929226737,238,0.0,0.0,0,3.0210526315789474,0.7263157894736842,0.4421052631578947
pinocchio,190,0.4473684210526316,0.5526315789473685,0.45263157894736844,0.16842105263157894,0.8254938271604938,303,0.0,0.0,0,3.6473684210526316,0.9210526315789473,0.46842105263157896
corrector,190,0.4368421052631579,0.5631578947368421,0.45789473684210524,0.17894736842105263,0.8428753180661578,295,0.0,0.0,0,3.6052631578947367,0.9315789473684211,0.47368421052631576
gold,190,1.0,0.0,0.0,0.0,1.0,353,0.0,0.0,0,3.626315789473684,0.8842105263157894,0.8842105263157894
