model,total,factual,non_factual,non_factual_extrinsic,non_factual_intrinsic,extrinsic_factuality_ratio,extrinsic_entity_count,unknown,skipped,failed,ents_per_sum,sum_with_extrinsic,sum_with_extrinsic_factual
gef_oracle,110,0.6545454545454545,0.34545454545454546,0.23636363636363636,0.12727272727272726,0.9348101265822784,158,0.0,0.0,12,3.4454545454545453,0.8636363636363636,0.6272727272727273
gef_classifier,100,0.53,0.47,0.41,0.14,0.8683333333333334,142,0.0,0.0,20,3.53,0.85,0.44
gef_classifier_i10,110,0.5,0.45454545454545453,0.39090909090909093,0.12727272727272726,0.8642512077294686,157,0.045454545454545456,0.0,19,3.418181818181818,0.8727272727272727,0.4636363636363636
baseline-bart,110,0.41818181818181815,0.5818181818181818,0.5181818181818182,0.11818181818181818,0.825438596491228,178,0.0,0.0,0,3.6,0.9636363636363636,0.44545454545454544
rl-fact,110,0.5727272727272728,0.42727272727272725,0.33636363636363636,0.15454545454545454,0.8651735270379338,139,0.0,0.0,0,3.0,0.7272727272727273,0.39090909090909093
pinocchio,110,0.42727272727272725,0.5727272727272728,0.4909090909090909,0.14545454545454545,0.8211187214611871,175,0.0,0.0,0,3.609090909090909,0.9181818181818182,0.42727272727272725
corrector,110,0.41818181818181815,0.5818181818181818,0.4727272727272727,0.16363636363636364,0.8472222222222222,167,0.0,0.0,0,3.5727272727272728,0.9272727272727272,0.45454545454545453
gold,110,1.0,0.0,0.0,0.0,1.0,206,0.0,0.0,0,3.5545454545454547,0.8818181818181818,0.8818181818181818
