model,total,factual,non_factual,non_factual_extrinsic,non_factual_intrinsic,unknown,skipped,failed,ents_per_sum,sum_with_extrinsic,rouge1,rouge2,rougeL
fbs_oracle,100,0.65,0.12,0.0,0.12,0.0,0.23,7,3.324675324675325,0.66,0.49114287018890374,0.256547393504021,0.38534521794191484
fbs_classifier,100,0.48,0.27,0.2,0.1,0.0,0.25,14,3.2266666666666666,0.66,0.4642079031460997,0.23128953198688218,0.3645146991713497
fbs_classifier_i10,100,0.48,0.27,0.2,0.1,0.0,0.25,14,3.2266666666666666,0.66,0.4642079031460997,0.23128953198688218,0.3645146991713497
baseline,100,0.41,0.59,0.52,0.12,0.0,0.0,0,3.69,0.99,0.47160296359623627,0.23364304499228583,0.3738041665868959
baseline-pegasus,100,0.14,0.21,0.2,0.02,0.65,0.0,0,3.43,0.9,0.4886534060786535,0.27306775502958064,0.41362769161426366
corrector,100,0.41,0.59,0.48,0.16,0.0,0.0,0,3.66,0.95,0.4662199335393991,0.2257904171842437,0.3715394581066453
gold,100,1.0,0.0,0.0,0.0,0.0,0.0,0,3.66,0.88,1.0,1.0,1.0
