model,total,factual,non_factual,non_factual_extrinsic,non_factual_intrinsic,extrinsic_factuality_ratio,unknown,skipped,failed,ents_per_sum,sum_with_extrinsic
fbs_oracle,75,0.64,0.36,0.25333333333333335,0.13333333333333333,0.9203703703703704,0.0,0.0,5,3.4266666666666667,0.88
fbs_classifier,75,0.5066666666666667,0.49333333333333335,0.4,0.14666666666666667,0.8591836734693877,0.0,0.0,10,3.36,0.9066666666666666
fbs_classifier_i10,75,0.5066666666666667,0.49333333333333335,0.4,0.14666666666666667,0.8631944444444445,0.0,0.0,12,3.3333333333333335,0.9066666666666666
baseline-bart,75,0.4266666666666667,0.5733333333333334,0.5066666666666667,0.13333333333333333,0.8172955974842768,0.0,0.0,0,3.5733333333333333,0.9866666666666667
meng-rl,75,0.52,0.48,0.37333333333333335,0.18666666666666668,0.8097452934662238,0.0,0.0,0,3.066666666666667,0.76
pinocchio,75,0.48,0.52,0.37333333333333335,0.25333333333333335,0.7651960784313724,0.0,0.0,0,3.72,0.6533333333333333
corrector,75,0.4266666666666667,0.5733333333333334,0.44,0.18666666666666668,0.8583333333333333,0.0,0.0,0,3.506666666666667,0.96
gold,75,1.0,0.0,0.0,0.0,1.0,0.0,0.0,0,3.546666666666667,0.88
