model,total,factual,non_factual,non_factual_extrinsic,non_factual_intrinsic,extrinsic_factuality_ratio,extrinsic_entity_count,unknown,skipped,failed,ents_per_sum,sum_with_extrinsic,sum_with_extrinsic_factual
fbs_oracle,100,0.67,0.33,0.22,0.13,0.9354166666666666,142,0.0,0.0,12,3.44,0.85,0.63
fbs_classifier,100,0.53,0.47,0.41,0.14,0.8683333333333334,142,0.0,0.0,20,3.53,0.85,0.44
fbs_classifier_i10,100,0.53,0.47,0.41,0.14,0.8683333333333334,142,0.0,0.0,20,3.53,0.85,0.44
baseline-bart,100,0.42,0.58,0.52,0.12,0.8222222222222222,162,0.0,0.0,0,3.61,0.96,0.44
meng-rl,100,0.55,0.45,0.35,0.17,0.8619488536155202,129,0.0,0.0,0,3.03,0.74,0.39
pinocchio,100,0.43,0.57,0.49,0.15,0.8200248756218905,160,0.0,0.0,0,3.62,0.92,0.43
corrector,100,0.42,0.58,0.47,0.17,0.8461538461538461,151,0.0,0.0,0,3.58,0.92,0.45
gold,100,1.0,0.0,0.0,0.0,1.0,192,0.0,0.0,0,3.61,0.88,0.88
