model,total,factual,non_factual,non_factual_extrinsic,non_factual_intrinsic,extrinsic_factuality_ratio,extrinsic_entity_count,unknown,skipped,failed,ents_per_sum,sum_with_extrinsic,sum_with_extrinsic_factual
gef_oracle,50,0.64,0.36,0.28,0.12,0.9081081081081082,73,0.0,0.0,4,3.54,0.88,0.6
gef_classifier,50,0.54,0.46,0.4,0.12,0.8464646464646465,70,0.0,0.0,8,3.38,0.88,0.48
gef_classifier_i10,50,0.54,0.46,0.4,0.12,0.8464646464646465,70,0.0,0.0,10,3.34,0.88,0.48
baseline-bart,50,0.46,0.54,0.48,0.1,0.8309523809523809,78,0.0,0.0,0,3.6,0.96,0.48
rl-fact,50,0.56,0.44,0.32,0.18,0.8498299319727892,68,0.0,0.0,0,3.2,0.72,0.4
pinocchio,50,0.46,0.54,0.44,0.14,0.8406862745098039,74,0.0,0.0,0,3.58,0.92,0.48
corrector,50,0.46,0.54,0.46,0.12,0.8528571428571429,74,0.0,0.0,0,3.58,0.96,0.5
gold,50,1.0,0.0,0.0,0.0,1.0,87,0.0,0.0,0,3.54,0.88,0.88
