model,total,factual,non_factual,non_factual_extrinsic,non_factual_intrinsic,extrinsic_factuality_ratio,unknown,skipped,failed,ents_per_sum,sum_with_extrinsic
fbs_oracle,25,0.68,0.32,0.28,0.08,0.8857142857142858,0.0,0.0,3,3.84,0.92
fbs_classifier,25,0.52,0.48,0.44,0.08,0.8,0.0,0.0,6,3.56,0.88
fbs_classifier_i10,25,0.52,0.48,0.44,0.08,0.8,0.0,0.0,7,3.48,0.88
baseline-bart,25,0.48,0.52,0.48,0.08,0.793859649122807,0.0,0.0,0,3.8,0.96
meng-rl,25,0.6,0.4,0.32,0.16,0.8507002801120448,0.0,0.0,0,3.48,0.8
pinocchio,25,0.48,0.52,0.32,0.28,0.7652777777777778,0.0,0.0,0,3.88,0.64
corrector,25,0.44,0.56,0.48,0.12,0.825,0.0,0.0,0,3.76,0.96
gold,25,1.0,0.0,0.0,0.0,1.0,0.0,0.0,0,3.56,0.96
