model,total,factual,non_factual,non_factual_extrinsic,non_factual_intrinsic,extrinsic_factuality_ratio,unknown,skipped,failed,ents_per_sum,sum_with_extrinsic
gef_oracle,60,0.65,0.35,0.26666666666666666,0.11666666666666667,0.9133333333333333,0.0,0.0,4,3.5166666666666666,0.9
gef_classifier,60,0.5166666666666667,0.48333333333333334,0.4166666666666667,0.11666666666666667,0.8439024390243901,0.0,0.0,9,3.433333333333333,0.9166666666666666
gef_classifier_i10,60,0.5166666666666667,0.48333333333333334,0.4166666666666667,0.11666666666666667,0.8483333333333334,0.0,0.0,11,3.4,0.9166666666666666
baseline-bart,60,0.48333333333333334,0.5166666666666667,0.4666666666666667,0.11666666666666667,0.8352272727272727,0.0,0.0,0,3.6,0.9833333333333333
rl-fact,60,0.5166666666666667,0.48333333333333334,0.38333333333333336,0.16666666666666666,0.7969111969111969,0.0,0.0,0,3.2,0.7833333333333333
pinocchio,60,0.5,0.5,0.36666666666666664,0.23333333333333334,0.7821839080459769,0.0,0.0,0,3.8833333333333333,0.6666666666666666
corrector,60,0.4666666666666667,0.5333333333333333,0.43333333333333335,0.15,0.8608527131782946,0.0,0.0,0,3.5833333333333335,0.9666666666666667
gold,60,1.0,0.0,0.0,0.0,1.0,0.0,0.0,0,3.5166666666666666,0.8833333333333333
