model,total,factual,non_factual,non_factual_extrinsic,non_factual_intrinsic,extrinsic_factuality_ratio,extrinsic_entity_count,unknown,skipped,failed,ents_per_sum,sum_with_extrinsic,sum_with_extrinsic_factual
gef_oracle,175,0.5885714285714285,0.4114285714285714,0.32,0.13714285714285715,0.8958015267175573,271,0.0,0.0,12,3.5428571428571427,0.9142857142857143,0.5942857142857143
gef_classifier,175,0.52,0.48,0.38285714285714284,0.17142857142857143,0.868141592920354,258,0.0,0.0,28,3.6,0.8571428571428571,0.4742857142857143
gef_classifier_i10,175,0.52,0.48,0.38285714285714284,0.17142857142857143,0.868141592920354,258,0.0,0.0,27,3.6,0.8571428571428571,0.4742857142857143
baseline-bart,175,0.44,0.56,0.49714285714285716,0.13142857142857142,0.8299479166666667,291,0.0,0.0,0,3.64,0.9771428571428571,0.48
rl-fact,175,0.6057142857142858,0.3942857142857143,0.29714285714285715,0.14857142857142858,0.8805916305916306,221,0.0,0.0,0,3.0114285714285716,0.7257142857142858,0.42857142857142855
pinocchio,175,0.44,0.56,0.4685714285714286,0.16,0.8197658402203857,281,0.0,0.0,0,3.6285714285714286,0.9142857142857143,0.44571428571428573
corrector,175,0.4342857142857143,0.5657142857142857,0.4742857142857143,0.1657142857142857,0.8403954802259888,274,0.0,0.0,0,3.5885714285714285,0.9314285714285714,0.45714285714285713
gold,175,1.0,0.0,0.0,0.0,1.0,326,0.0,0.0,0,3.6228571428571428,0.88,0.88
