model,total,factual,non_factual,non_factual_extrinsic,non_factual_intrinsic,extrinsic_factuality_ratio,extrinsic_entity_count,unknown,skipped,failed,ents_per_sum,sum_with_extrinsic,sum_with_extrinsic_factual
gef_oracle,125,0.648,0.352,0.256,0.12,0.9288888888888889,182,0.0,0.0,12,3.48,0.88,0.624
gef_classifier,100,0.53,0.47,0.41,0.14,0.8683333333333334,142,0.0,0.0,20,3.53,0.85,0.44
gef_classifier_i10,100,0.53,0.47,0.41,0.14,0.8683333333333334,142,0.0,0.0,20,3.53,0.85,0.44
baseline-bart,125,0.44,0.56,0.504,0.112,0.8331417624521075,202,0.0,0.0,0,3.616,0.968,0.464
rl-fact,125,0.592,0.408,0.312,0.152,0.8738095238095238,154,0.0,0.0,0,3.0,0.712,0.4
pinocchio,125,0.448,0.552,0.472,0.144,0.8276104417670682,197,0.0,0.0,0,3.616,0.912,0.44
corrector,125,0.44,0.56,0.464,0.152,0.850609756097561,190,0.0,0.0,0,3.584,0.928,0.464
gold,125,1.0,0.0,0.0,0.0,1.0,228,0.0,0.0,0,3.496,0.888,0.888
