model,total,factual,non_factual,non_factual_extrinsic,non_factual_intrinsic,extrinsic_factuality_ratio,extrinsic_entity_count,unknown,skipped,failed,ents_per_sum,sum_with_extrinsic,sum_with_extrinsic_factual
fbs_oracle,25,0.52,0.08,0.08,0.04,0.9722222222222221,41,0.4,0.0,1,3.84,0.92,0.76
fbs_classifier,25,0.52,0.48,0.48,0.08,0.8111111111111112,40,0.0,0.0,0,3.64,0.96,0.48
fbs_classifier_i10,25,0.52,0.4,0.4,0.08,0.8462962962962963,37,0.08,0.0,1,3.64,0.96,0.52
baseline-bart,25,0.48,0.52,0.48,0.08,0.8425925925925927,45,0.0,0.0,0,3.8,0.96,0.48
meng-rl,25,0.6,0.4,0.32,0.16,0.814021164021164,45,0.0,0.0,0,3.48,0.8,0.48
pinocchio,25,0.48,0.52,0.44,0.12,0.8333333333333334,45,0.0,0.0,0,3.8,0.92,0.48
corrector,25,0.44,0.56,0.52,0.12,0.8055555555555556,42,0.0,0.0,0,3.76,0.96,0.44
gold,25,1.0,0.0,0.0,0.0,1.0,50,0.0,0.0,0,3.56,0.96,0.96
