model,total,factual,non_factual,non_factual_extrinsic,non_factual_intrinsic,unknown,skipped,failed,ents_per_sum,sum_with_extrinsic,rouge1,rouge2,rougeL
fbs_oracle,100,0.65,0.35,0.16,0.14,0.0,0.0,7,3.14,0.82,0.484793841981736,0.2449656103507267,0.3803240638160148
fbs_classifier,100,0.5,0.5,0.29,0.13,0.0,0.0,14,2.91,0.77,0.46289754686721046,0.2253127641117079,0.3610523392353885
fbs_classifier_i10,100,0.5,0.5,0.24,0.12,0.0,0.0,19,2.72,0.72,0.4612880239861493,0.2278245258340549,0.3619508729459921
baseline-bart,100,0.41,0.59,0.52,0.12,0.0,0.0,0,3.69,0.99,0.47160296359623627,0.23364304499228583,0.3738041665868959
baseline-pegasus,100,0.14,0.21,0.2,0.02,0.65,0.0,0,3.43,0.9,0.4886534060786535,0.27306775502958064,0.41362769161426366
corrector,100,0.41,0.59,0.48,0.16,0.0,0.0,0,3.66,0.95,0.4662199335393991,0.2257904171842437,0.3715394581066453
gold,100,1.0,0.0,0.0,0.0,0.0,0.0,0,3.66,0.88,1.0,1.0,1.0
