model,total,factual,non_factual,non_factual_extrinsic,non_factual_intrinsic,extrinsic_factuality_ratio,extrinsic_entity_count,unknown,skipped,failed,ents_per_sum,sum_with_extrinsic,sum_with_extrinsic_factual
gef_oracle,135,0.6296296296296297,0.37037037037037035,0.2814814814814815,0.11851851851851852,0.9176870748299321,204,0.0,0.0,12,3.533333333333333,0.8888888888888888,0.6074074074074074
gef_classifier,135,0.5333333333333333,0.4666666666666667,0.3925925925925926,0.14814814814814814,0.8652777777777778,195,0.0,0.0,22,3.577777777777778,0.8444444444444444,0.45185185185185184
gef_classifier_i10,135,0.5333333333333333,0.4666666666666667,0.3925925925925926,0.14814814814814814,0.8652777777777778,195,0.0,0.0,21,3.577777777777778,0.8444444444444444,0.45185185185185184
baseline-bart,135,0.43703703703703706,0.562962962962963,0.5111111111111111,0.1111111111111111,0.8296491228070175,224,0.0,0.0,0,3.6592592592592594,0.9703703703703703,0.45925925925925926
rl-fact,135,0.5851851851851851,0.4148148148148148,0.31851851851851853,0.15555555555555556,0.8695302445302446,173,0.0,0.0,0,3.0592592592592593,0.7185185185185186,0.4
pinocchio,135,0.4444444444444444,0.5555555555555556,0.4740740740740741,0.14814814814814814,0.8244505494505495,217,0.0,0.0,0,3.6444444444444444,0.9111111111111111,0.43703703703703706
corrector,135,0.42962962962962964,0.5703703703703704,0.4740740740740741,0.15555555555555556,0.8436329588014982,211,0.0,0.0,0,3.6222222222222222,0.9259259259259259,0.45185185185185184
gold,135,1.0,0.0,0.0,0.0,1.0,249,0.0,0.0,0,3.533333333333333,0.8814814814814815,0.8814814814814815
