model,total,factual,non_factual,non_factual_extrinsic,non_factual_intrinsic,extrinsic_factuality_ratio,extrinsic_entity_count,unknown,skipped,failed,ents_per_sum,sum_with_extrinsic,sum_with_extrinsic_factual
gef_oracle,200,0.64,0.36,0.215,0.18,0.9365131578947368,285,0.0,0.0,31,3.52,0.875,0.66
gef_classifier,200,0.52,0.48,0.375,0.175,0.8711111111111111,296,0.0,0.0,33,3.58,0.875,0.5
gef_classifier_i10,200,0.52,0.48,0.375,0.175,0.8711111111111111,296,0.0,0.0,32,3.58,0.875,0.5
baseline-bart,200,0.44,0.56,0.485,0.14,0.8337807606263982,332,0.0,0.0,0,3.63,0.98,0.495
rl-fact,200,0.615,0.385,0.28,0.15,0.8897243107769423,250,0.0,0.0,0,2.98,0.725,0.445
pinocchio,200,0.44,0.56,0.465,0.16,0.8217723004694836,323,0.0,0.0,0,3.635,0.925,0.46
corrector,200,0.435,0.565,0.46,0.175,0.8442822384428225,312,0.0,0.0,0,3.59,0.93,0.47
gold,200,1.0,0.0,0.0,0.0,1.0,374,0.0,0.0,0,3.625,0.885,0.885
