model,total,factual,non_factual,non_factual_extrinsic,non_factual_intrinsic,unknown,skipped,failed,ents_per_sum,sum_with_extrinsic,rouge1,rouge2,rougeL
gef_oracle,10,0.8,0.2,0.0,0.0,0.0,0.0,2,1.9,0.7,0.4750156298846559,0.2553732177609856,0.40097719057161707
gef_classifier,10,0.5,0.5,0.2,0.0,0.0,0.0,3,2.0,0.7,0.4690450348052105,0.23666620118233023,0.38442967559030894
gef_classifier_i10,10,0.5,0.5,0.1,0.0,0.0,0.0,4,1.5,0.6,0.48372714378068205,0.24277723471271861,0.3850092246966303
baseline-bart,10,0.5,0.5,0.5,0.0,0.0,0.0,0,2.7,1.0,0.4878175256184945,0.26047976067766404,0.4296686455130926
meng-3000,2,0.5,0.5,0.5,0.0,0.0,0.0,0,2.0,0.5,0.5314285714285715,0.37689393939393934,0.5314285714285715
pinocchio,10,0.6,0.4,0.3,0.2,0.0,0.0,0,3.3,0.7,0.3938280668138643,0.1553301040326343,0.32782533165201716
corrector,10,0.5,0.5,0.5,0.0,0.0,0.0,0,2.7,1.0,0.4878175256184945,0.26047976067766404,0.4296686455130926
gold,10,1.0,0.0,0.0,0.0,0.0,0.0,0,2.8,0.9,1.0,1.0,1.0
