model,total,factual,non_factual,non_factual_extrinsic,non_factual_intrinsic,extrinsic_factuality_ratio,extrinsic_entity_count,unknown,skipped,failed,ents_per_sum,sum_with_extrinsic,sum_with_extrinsic_factual
gef_oracle,150,0.62,0.38,0.2866666666666667,0.12,0.9138138138138139,226,0.0,0.0,12,3.48,0.9,0.6133333333333333
gef_classifier,150,0.54,0.46,0.38,0.14666666666666667,0.8703508771929825,215,0.0,0.0,24,3.52,0.8466666666666667,0.4666666666666667
gef_classifier_i10,150,0.54,0.46,0.38,0.14666666666666667,0.8703508771929825,215,0.0,0.0,23,3.52,0.8466666666666667,0.4666666666666667
baseline-bart,150,0.44666666666666666,0.5533333333333333,0.49333333333333335,0.11333333333333333,0.8362654320987654,246,0.0,0.0,0,3.5933333333333333,0.9733333333333334,0.48
rl-fact,150,0.6066666666666667,0.3933333333333333,0.30666666666666664,0.14,0.879109977324263,189,0.0,0.0,0,2.986666666666667,0.7266666666666667,0.42
pinocchio,150,0.44666666666666666,0.5533333333333333,0.46,0.15333333333333332,0.8237745098039216,237,0.0,0.0,0,3.58,0.9,0.44
corrector,150,0.44,0.56,0.46,0.15333333333333332,0.8473597359735975,232,0.0,0.0,0,3.5533333333333332,0.9266666666666666,0.4666666666666667
gold,150,1.0,0.0,0.0,0.0,1.0,269,0.0,0.0,0,3.466666666666667,0.8666666666666667,0.8666666666666667
