model,total,factual,non_factual,non_factual_extrinsic,non_factual_intrinsic,extrinsic_factuality_ratio,unknown,skipped,failed,ents_per_sum,sum_with_extrinsic
fbs_oracle,100,0.63,0.37,0.18,0.14,0.9582089552238806,0.0,0.0,7,3.14,0.82
fbs_classifier,100,0.49,0.51,0.3,0.13,0.8971264367816092,0.0,0.0,14,2.91,0.77
fbs_classifier_i10,100,0.49,0.51,0.25,0.12,0.9265432098765432,0.0,0.0,19,2.72,0.72
baseline-bart,100,0.41,0.59,0.52,0.12,0.8245098039215686,0.0,0.0,0,3.69,0.99
meng-rl,100,0.35,0.36,0.3,0.1,0.8787840136054422,0.29,0.0,0,3.09,0.75
pinocchio,100,0.3,0.33,0.24,0.13,0.8635487528344671,0.37,0.0,0,3.76,0.67
corrector,100,0.4,0.6,0.49,0.16,0.83828125,0.0,0.0,0,3.66,0.95
gold,100,1.0,0.0,0.0,0.0,1.0,0.0,0.0,0,3.66,0.88
