model,total,factual,non_factual,non_factual_extrinsic,non_factual_intrinsic,unknown,skipped,failed,ents_per_sum,sum_with_extrinsic,rouge1,rouge2,rougeL
fbs_oracle,50,0.66,0.08,0.0,0.08,0.0,0.26,4,3.3513513513513513,0.64,0.5010439294563815,0.27692553887176824,0.4125117967667185
fbs_classifier,50,0.5,0.22,0.16,0.08,0.0,0.28,9,3.138888888888889,0.64,0.4727507056467486,0.24652113286230998,0.3841690477720541
fbs_classifier_i10,50,0.5,0.26,0.2,0.08,0.0,0.24,11,3.1315789473684212,0.68,0.46946153220515197,0.24270707608292807,0.3798065742725802
baseline-bart,50,0.46,0.54,0.48,0.1,0.0,0.0,0,3.64,0.98,0.4837444477735417,0.2506990982184291,0.3961668282860051
baseline-pegasus,50,0.14,0.22,0.22,0.02,0.64,0.0,0,3.5,0.94,0.4988432050129342,0.2847948858872368,0.429948200741148
corrector,50,0.46,0.54,0.46,0.12,0.0,0.0,0,3.62,0.98,0.4799992285472662,0.24866593742956972,0.393340660738372
gold,50,1.0,0.0,0.0,0.0,0.0,0.0,0,3.58,0.88,1.0,1.0,1.0
