model,total,factual,non_factual,non_factual_extrinsic,non_factual_intrinsic,extrinsic_factuality_ratio,unknown,skipped,failed,ents_per_sum,sum_with_extrinsic
fbs_oracle,100,0.65,0.35,0.16,0.14,0.9661764705882353,0.0,0.0,7,3.14,0.82
fbs_classifier,100,0.5,0.5,0.29,0.13,0.8988700564971751,0.0,0.0,14,2.91,0.77
fbs_classifier_i10,100,0.5,0.5,0.24,0.12,0.9278787878787879,0.0,0.0,19,2.72,0.72
baseline-bart,100,0.41,0.59,0.52,0.12,0.8128571428571428,0.0,0.0,0,3.69,0.99
meng-3000,27,0.5185185185185185,0.48148148148148145,0.4444444444444444,0.18518518518518517,0.7444444444444444,0.0,0.0,0,3.4074074074074074,0.7407407407407407
pinocchio,100,0.21,0.28,0.21,0.09,0.8709183673469388,0.51,0.0,0,3.76,0.67
corrector,100,0.41,0.59,0.48,0.16,0.8356060606060606,0.0,0.0,0,3.66,0.95
gold,100,1.0,0.0,0.0,0.0,1.0,0.0,0.0,0,3.66,0.88
