model,total,factual,non_factual,non_factual_extrinsic,non_factual_intrinsic,unknown,skipped,failed,ents_per_sum,sum_with_extrinsic,rouge1,rouge2,rougeL
fbs_oracle,25,0.68,0.04,0.0,0.04,0.0,0.28,3,3.4444444444444446,0.64,0.495979393607541,0.2856995219064324,0.4131972447585095
fbs_classifier,25,0.48,0.08,0.08,0.0,0.0,0.44,7,3.0714285714285716,0.48,0.4642003325995037,0.24554918969178094,0.37299704293969016
fbs_classifier_i10,25,0.48,0.16,0.16,0.0,0.0,0.36,8,3.0625,0.56,0.45745734230661705,0.2366122977370651,0.3640326689824853
baseline,25,0.48,0.52,0.48,0.08,0.0,0.0,0,3.88,0.96,0.49100203448934737,0.26357316273381365,0.4038162383702881
baseline-pegasus,25,0.24,0.24,0.24,0.04,0.52,0.0,0,3.76,1.0,0.5162233244695745,0.29756976050074413,0.4467428137459633
corrector,25,0.44,0.56,0.48,0.12,0.0,0.0,0,3.84,0.96,0.48125245982417164,0.2553604996926803,0.3959047670623974
gold,25,1.0,0.0,0.0,0.0,0.0,0.0,0,3.64,0.96,1.0,1.0,1.0
