model,total,factual,non_factual,non_factual_extrinsic,non_factual_intrinsic,extrinsic_factuality_ratio,extrinsic_entity_count,unknown,skipped,failed,ents_per_sum,sum_with_extrinsic,sum_with_extrinsic_factual
fbs_oracle,75,0.64,0.36,0.25333333333333335,0.13333333333333333,0.9203703703703704,102,0.0,0.0,5,3.4266666666666667,0.8533333333333334,0.6
fbs_classifier,75,0.5066666666666667,0.49333333333333335,0.4,0.14666666666666667,0.8591836734693877,101,0.0,0.0,10,3.36,0.88,0.48
fbs_classifier_i10,75,0.5066666666666667,0.49333333333333335,0.4,0.14666666666666667,0.8631944444444445,101,0.0,0.0,12,3.3333333333333335,0.88,0.48
baseline-bart,75,0.4266666666666667,0.5733333333333334,0.5066666666666667,0.13333333333333333,0.8172955974842768,118,0.0,0.0,0,3.5733333333333333,0.96,0.4533333333333333
meng-rl,75,0.52,0.48,0.37333333333333335,0.18666666666666668,0.8324041811846691,98,0.0,0.0,0,3.066666666666667,0.7466666666666667,0.37333333333333335
pinocchio,75,0.4666666666666667,0.5333333333333333,0.37333333333333335,0.26666666666666666,0.7681818181818182,85,0.0,0.0,0,3.72,0.6266666666666667,0.25333333333333335
corrector,75,0.4266666666666667,0.5733333333333334,0.44,0.18666666666666668,0.8583333333333333,107,0.0,0.0,0,3.506666666666667,0.92,0.48
gold,75,1.0,0.0,0.0,0.0,1.0,135,0.0,0.0,0,3.546666666666667,0.88,0.88
