model,total,factual,non_factual,non_factual_extrinsic,non_factual_intrinsic,extrinsic_factuality_ratio,unknown,skipped,failed,ents_per_sum,sum_with_extrinsic,rouge1,rouge2,rougeL
fbs_oracle,40,0.625,0.375,0.2,0.125,0.9653846153846154,0.0,0.0,3,3.35,0.8,0.5005625325205489,0.273651068949958,0.4122339899516204
fbs_classifier,40,0.475,0.525,0.275,0.075,0.9206349206349206,0.0,0.0,7,2.875,0.725,0.47698628418586064,0.24993955992976855,0.3871172363402809
fbs_classifier_i10,40,0.475,0.525,0.225,0.075,0.9736842105263158,0.0,0.0,9,2.6,0.675,0.4809325479769188,0.2556465457926836,0.3929160854676117
baseline-bart,40,0.45,0.55,0.475,0.1,0.8425925925925926,0.0,0.0,0,3.725,0.975,0.49900201899821167,0.2675271265704827,0.4137480392705986
meng-3000,13,0.6153846153846154,0.38461538461538464,0.38461538461538464,0.15384615384615385,0.8571428571428571,0.0,0.0,0,3.6923076923076925,0.7692307692307693,0.5324955270809659,0.3246959860276245,0.4734673501004038
pinocchio,40,0.45,0.55,0.375,0.275,0.8039285714285714,0.0,0.0,0,4.2,0.675,0.38994843518839667,0.15081431782544674,0.3007426041775628
corrector,40,0.425,0.575,0.475,0.125,0.8717948717948717,0.0,0.0,0,3.7,0.975,0.4943204949653673,0.2649856755844085,0.41021532983605724
gold,40,1.0,0.0,0.0,0.0,1.0,0.0,0.0,0,3.725,0.925,1.0,1.0,1.0
