model,total,factual,non_factual,non_factual_extrinsic,non_factual_intrinsic,extrinsic_factuality_ratio,unknown,skipped,failed,ents_per_sum,sum_with_extrinsic
fbs_oracle,50,0.64,0.36,0.28,0.12,0.9081081081081082,0.0,0.0,4,3.54,0.9
fbs_classifier,50,0.52,0.48,0.4,0.12,0.8464646464646465,0.0,0.0,8,3.38,0.9
fbs_classifier_i10,50,0.52,0.48,0.4,0.12,0.8464646464646465,0.0,0.0,10,3.34,0.9
baseline-bart,50,0.46,0.54,0.48,0.1,0.8309523809523809,0.0,0.0,0,3.6,0.98
meng-rl,50,0.56,0.44,0.32,0.18,0.8498299319727892,0.0,0.0,0,3.2,0.74
pinocchio,50,0.48,0.52,0.36,0.26,0.765909090909091,0.0,0.0,0,3.98,0.64
corrector,50,0.46,0.54,0.46,0.12,0.8528571428571429,0.0,0.0,0,3.58,0.98
gold,50,1.0,0.0,0.0,0.0,1.0,0.0,0.0,0,3.54,0.88
