model,total,factual,non_factual,non_factual_extrinsic,non_factual_intrinsic,unknown,skipped,failed,ents_per_sum,sum_with_extrinsic,rouge1,rouge2,rougeL
fbs_oracle,25,0.68,0.32,0.16,0.04,0.0,0.0,3,3.24,0.8,0.4925000439369312,0.27242917633806224,0.40227496714494476
fbs_classifier,25,0.52,0.48,0.2,0.0,0.0,0.0,7,2.56,0.64,0.4595860643977445,0.2353576833594658,0.36411129642407597
fbs_classifier_i10,25,0.52,0.48,0.16,0.0,0.0,0.0,8,2.28,0.6,0.46384442427970174,0.24114836788171293,0.3714758083209185
baseline-bart,25,0.48,0.52,0.48,0.08,0.0,0.0,0,3.88,0.96,0.49100203448934737,0.26357316273381365,0.4038162383702881
baseline-pegasus,25,0.24,0.36,0.36,0.04,0.4,0.0,0,3.76,1.0,0.5162233244695745,0.29756976050074413,0.4467428137459633
corrector,25,0.44,0.56,0.48,0.12,0.0,0.0,0,3.84,0.96,0.48125245982417164,0.2553604996926803,0.3959047670623974
gold,25,1.0,0.0,0.0,0.0,0.0,0.0,0,3.64,0.96,1.0,1.0,1.0
