model,total,factual,non_factual,non_factual_extrinsic,non_factual_intrinsic,extrinsic_factuality_ratio,unknown,skipped,failed,ents_per_sum,sum_with_extrinsic
fbs_oracle,100,0.64,0.36,0.18,0.13,0.9567164179104477,0.0,0.0,7,3.14,0.82
fbs_classifier,100,0.5,0.5,0.29,0.13,0.8971264367816092,0.0,0.0,14,2.91,0.77
fbs_classifier_i10,100,0.5,0.5,0.24,0.12,0.9265432098765432,0.0,0.0,19,2.72,0.72
baseline-bart,100,0.42,0.58,0.52,0.12,0.8198067632850242,0.0,0.0,0,3.69,0.99
meng-rl,100,0.31,0.2,0.12,0.1,0.9246460746460746,0.49,0.0,0,3.09,0.75
pinocchio,100,0.25,0.27,0.17,0.13,0.8526666666666667,0.48,0.0,0,3.76,0.67
corrector,100,0.42,0.58,0.47,0.17,0.8435897435897435,0.0,0.0,0,3.66,0.95
gold,100,1.0,0.0,0.0,0.0,1.0,0.0,0.0,0,3.66,0.88
