model,total,factual,non_factual,non_factual_extrinsic,non_factual_intrinsic,unknown,skipped,failed,ents_per_sum,sum_with_extrinsic,rouge1,rouge2,rougeL
fbs_oracle,25,0.68,0.32,0.16,0.08,0.0,0.0,3,3.24,0.8,0.4925000439369312,0.27242917633806224,0.40227496714494476
fbs_classifier,25,0.52,0.48,0.2,0.0,0.0,0.0,7,2.56,0.64,0.4595860643977445,0.2353576833594658,0.36411129642407597
fbs_classifier_i10,25,0.52,0.48,0.16,0.0,0.0,0.0,8,2.28,0.6,0.46384442427970174,0.24114836788171293,0.3714758083209185
baseline-bart,25,0.48,0.52,0.48,0.08,0.0,0.0,0,3.88,0.96,0.49100203448934737,0.26357316273381365,0.4038162383702881
meng-3000,7,0.7142857142857143,0.2857142857142857,0.2857142857142857,0.14285714285714285,0.0,0.0,0,3.7142857142857144,0.7142857142857143,0.5961665270883572,0.37593933417759656,0.5260295987992549
pinocchio,25,0.48,0.52,0.32,0.28,0.0,0.0,0,4.04,0.64,0.3879990716895891,0.15452353965900717,0.3119860587100761
corrector,25,0.44,0.56,0.48,0.12,0.0,0.0,0,3.84,0.96,0.48125245982417164,0.2553604996926803,0.3959047670623974
gold,25,1.0,0.0,0.0,0.0,0.0,0.0,0,3.64,0.96,1.0,1.0,1.0
