model,total,factual,non_factual,non_factual_extrinsic,non_factual_intrinsic,extrinsic_factuality_ratio,unknown,skipped,failed,ents_per_sum,sum_with_extrinsic
fbs_oracle,100,0.65,0.35,0.24,0.13,0.9287671232876714,0.0,0.0,7,3.47,0.89
fbs_classifier,100,0.5,0.5,0.41,0.14,0.8584615384615384,0.0,0.0,13,3.45,0.9
fbs_classifier_i10,100,0.5,0.5,0.41,0.14,0.8614583333333333,0.0,0.0,18,3.42,0.9
baseline-bart,100,0.42,0.58,0.52,0.12,0.8222222222222222,0.0,0.0,0,3.61,0.99
meng-rl,100,0.55,0.45,0.35,0.17,0.8619488536155202,0.0,0.0,0,3.03,0.75
pinocchio,100,0.36,0.4,0.28,0.2,0.7749999999999999,0.24,0.0,0,3.69,0.67
corrector,100,0.42,0.58,0.47,0.17,0.8461538461538461,0.0,0.0,0,3.58,0.95
gold,100,1.0,0.0,0.0,0.0,1.0,0.0,0.0,0,3.61,0.88
