model,total,factual,non_factual,non_factual_extrinsic,non_factual_intrinsic,extrinsic_factuality_ratio,unknown,skipped,failed,ents_per_sum,sum_with_extrinsic
fbs_oracle,75,0.6266666666666667,0.37333333333333335,0.18666666666666668,0.14666666666666667,0.9591836734693877,0.0,0.0,5,3.1066666666666665,0.8133333333333334
fbs_classifier,75,0.49333333333333335,0.5066666666666667,0.26666666666666666,0.13333333333333333,0.9186046511627907,0.0,0.0,11,2.8133333333333335,0.7733333333333333
fbs_classifier_i10,75,0.49333333333333335,0.5066666666666667,0.24,0.13333333333333333,0.95,0.0,0.0,13,2.6666666666666665,0.7466666666666667
baseline-bart,75,0.4266666666666667,0.5733333333333334,0.5066666666666667,0.13333333333333333,0.8172955974842768,0.0,0.0,0,3.6266666666666665,0.9866666666666667
meng-rl,75,0.30666666666666664,0.21333333333333335,0.12,0.12,0.9059964726631393,0.48,0.0,0,3.12,0.76
pinocchio,75,0.32,0.36,0.22666666666666666,0.17333333333333334,0.8465277777777778,0.32,0.0,0,3.7866666666666666,0.6533333333333333
corrector,75,0.4266666666666667,0.5733333333333334,0.44,0.18666666666666668,0.8583333333333333,0.0,0.0,0,3.56,0.96
gold,75,1.0,0.0,0.0,0.0,1.0,0.0,0.0,0,3.6133333333333333,0.88
