model,total,factual,non_factual,non_factual_extrinsic,non_factual_intrinsic,extrinsic_factuality_ratio,extrinsic_entity_count,unknown,skipped,failed,ents_per_sum,sum_with_extrinsic,sum_with_extrinsic_factual
gef_oracle,120,0.6666666666666666,0.3333333333333333,0.23333333333333334,0.11666666666666667,0.9329545454545454,172,0.0,0.0,12,3.4833333333333334,0.875,0.6416666666666667
gef_classifier,120,0.5416666666666666,0.4583333333333333,0.39166666666666666,0.13333333333333333,0.8695945945945945,169,0.0,0.0,21,3.5416666666666665,0.85,0.4583333333333333
gef_classifier_i10,120,0.5416666666666666,0.4583333333333333,0.39166666666666666,0.13333333333333333,0.8695945945945945,169,0.0,0.0,20,3.5416666666666665,0.85,0.4583333333333333
baseline-bart,120,0.45,0.55,0.49166666666666664,0.10833333333333334,0.8350980392156865,192,0.0,0.0,0,3.625,0.9666666666666667,0.475
rl-fact,120,0.6,0.4,0.31666666666666665,0.14166666666666666,0.8794733044733045,150,0.0,0.0,0,3.025,0.7333333333333333,0.4166666666666667
pinocchio,120,0.4583333333333333,0.5416666666666666,0.4666666666666667,0.13333333333333333,0.8295267489711934,188,0.0,0.0,0,3.6166666666666667,0.9166666666666666,0.45
corrector,120,0.45,0.55,0.45,0.15,0.853125,180,0.0,0.0,0,3.591666666666667,0.925,0.475
gold,120,1.0,0.0,0.0,0.0,1.0,221,0.0,0.0,0,3.533333333333333,0.8833333333333333,0.8833333333333333
