model,total,factual,non_factual,non_factual_extrinsic,non_factual_intrinsic,extrinsic_factuality_ratio,unknown,skipped,failed,ents_per_sum,sum_with_extrinsic
fbs_oracle,100,0.64,0.36,0.25,0.14,0.9236111111111112,0.0,0.0,7,3.58,0.89
fbs_classifier,100,0.5,0.5,0.39,0.15,0.867929292929293,0.0,0.0,14,3.59,0.91
fbs_classifier_i10,100,0.5,0.5,0.39,0.15,0.871025641025641,0.0,0.0,19,3.57,0.91
baseline-bart,100,0.42,0.58,0.52,0.12,0.8198067632850242,0.0,0.0,0,3.69,0.99
meng-rl,100,0.31,0.2,0.12,0.1,0.9246460746460746,0.49,0.0,0,3.09,0.75
pinocchio,100,0.25,0.27,0.17,0.13,0.8526666666666667,0.48,0.0,0,3.76,0.67
corrector,100,0.42,0.58,0.47,0.17,0.8435897435897435,0.0,0.0,0,3.66,0.95
gold,100,1.0,0.0,0.0,0.0,1.0,0.0,0.0,0,3.66,0.88
