model,total,factual,non_factual,non_factual_extrinsic,non_factual_intrinsic,unknown,skipped,failed,ents_per_sum,sum_with_extrinsic,rouge1,rouge2,rougeL
fbs_oracle,100,0.65,0.35,0.16,0.14,0.0,0.0,7,3.14,0.82,0.484793841981736,0.2449656103507267,0.3803240638160148
fbs_classifier,100,0.5,0.5,0.29,0.13,0.0,0.0,14,2.91,0.77,0.46289754686721046,0.2253127641117079,0.3610523392353885
fbs_classifier_i10,100,0.5,0.5,0.24,0.12,0.0,0.0,19,2.72,0.72,0.4612880239861493,0.2278245258340549,0.3619508729459921
meng-3000,27,0.5185185185185185,0.48148148148148145,0.4444444444444444,0.18518518518518517,0.0,0.0,0,3.4074074074074074,0.7407407407407407,0.463803541791528,0.24245799730801743,0.38823408207440696
pinocchio,100,0.21,0.16,0.13,0.05,0.63,0.0,0,3.44,0.58,0.3434593830682108,0.11789249267555268,0.2504261964298708
corrector,100,0.41,0.59,0.48,0.16,0.0,0.0,0,3.66,0.95,0.4662199335393991,0.2257904171842437,0.3715394581066453
gold,100,1.0,0.0,0.0,0.0,0.0,0.0,0,3.66,0.88,1.0,1.0,1.0
