model,total,factual,non_factual,non_factual_extrinsic,non_factual_intrinsic,unknown,skipped,failed,ents_per_sum,sum_with_extrinsic,rouge1,rouge2,rougeL
fbs_oracle,100,0.64,0.12,0.0,0.12,0.02,0.22,7,3.3076923076923075,0.67,0.49109541198517764,0.25630372655087186,0.3870566677702569
fbs_classifier,100,0.48,0.26,0.19,0.1,0.0,0.26,14,3.22972972972973,0.65,0.4643384767758381,0.23171236350021848,0.36329806734196995
fbs_classifier_i10,100,0.48,0.28,0.21,0.1,0.0,0.24,19,3.223684210526316,0.67,0.4629152644990111,0.23019503956742468,0.3616660669193405
baseline,100,0.41,0.59,0.52,0.12,0.0,0.0,0,3.69,0.99,0.47160296359623627,0.23364304499228583,0.3738041665868959
baseline-pegasus,100,0.14,0.21,0.2,0.02,0.65,0.0,0,3.43,0.9,0.4886534060786535,0.27306775502958064,0.41362769161426366
corrector,100,0.41,0.59,0.48,0.16,0.0,0.0,0,3.66,0.95,0.4662199335393991,0.2257904171842437,0.3715394581066453
gold,100,1.0,0.0,0.0,0.0,0.0,0.0,0,3.66,0.88,1.0,1.0,1.0
