model,total,factual,non_factual,non_factual_extrinsic,non_factual_intrinsic,extrinsic_factuality_ratio,extrinsic_entity_count,unknown,skipped,failed,ents_per_sum,sum_with_extrinsic,sum_with_extrinsic_factual
fbs_oracle,100,0.65,0.35,0.24,0.13,0.9287671232876714,142,0.0,0.0,7,3.47,0.86,0.62
fbs_classifier,100,0.5,0.5,0.41,0.14,0.8584615384615384,143,0.0,0.0,13,3.45,0.88,0.47
fbs_classifier_i10,100,0.5,0.5,0.41,0.14,0.8614583333333333,143,0.0,0.0,18,3.42,0.88,0.47
baseline-bart,110,0.4090909090909091,0.5909090909090909,0.5454545454545454,0.1,0.8243243243243243,189,0.0,0.0,0,3.6,0.9727272727272728,0.42727272727272725
meng-rl,110,0.5636363636363636,0.43636363636363634,0.35454545454545455,0.14545454545454545,0.8224434035909446,145,0.0,0.0,0,3.0,0.7272727272727273,0.37272727272727274
pinocchio,110,0.41818181818181815,0.5818181818181818,0.5181818181818182,0.12727272727272726,0.8219483568075117,183,0.0,0.0,0,3.609090909090909,0.9272727272727272,0.4090909090909091
corrector,110,0.41818181818181815,0.5818181818181818,0.4727272727272727,0.16363636363636364,0.8472222222222222,167,0.0,0.0,0,3.5727272727272728,0.9272727272727272,0.45454545454545453
gold,110,1.0,0.0,0.0,0.0,1.0,206,0.0,0.0,0,3.5545454545454547,0.8818181818181818,0.8818181818181818
