model,total,factual,non_factual,non_factual_extrinsic,non_factual_intrinsic,extrinsic_factuality_ratio,unknown,skipped,failed,ents_per_sum,sum_with_extrinsic,rouge1,rouge2,rougeL
fbs_oracle,100,0.6,0.11,0.03,0.05,0.9879227053140097,0.29,0.0,3,3.33,0.88,0.5022438098427898,0.2844545472158673,0.4188160248263191
fbs_classifier,100,0.52,0.3,0.16,0.08,0.9239766081871345,0.18,0.0,9,3.01,0.76,0.49308679603436695,0.27113845807389275,0.41183349738346187
fbs_classifier_i10,100,0.54,0.28,0.12,0.08,0.9454545454545453,0.18,0.0,11,2.97,0.73,0.4923976766431042,0.26982233067033495,0.4100425458336192
baseline-pegasus,100,0.49,0.34,0.32,0.04,0.8645539906103287,0.17,0.0,0,3.77,1.0,0.5012023838998693,0.29130842394375805,0.41798831379586254
gold,100,1.0,0.0,0.0,0.0,1.0,0.0,0.0,0,3.82,0.91,1.0,1.0,1.0
