model,total,factual,non_factual,non_factual_extrinsic,non_factual_intrinsic,extrinsic_factuality_ratio,unknown,skipped,failed,ents_per_sum,sum_with_extrinsic
fbs_oracle,60,0.85,0.15,0.06666666666666667,0.08333333333333333,0.9705882352941176,0.0,0.0,3,3.05,0.8666666666666667
fbs_classifier,60,0.6166666666666667,0.38333333333333336,0.3,0.15,0.8875968992248061,0.0,0.0,7,3.0833333333333335,0.85
fbs_classifier_i10,60,0.6333333333333333,0.36666666666666664,0.2833333333333333,0.15,0.8928571428571429,0.0,0.0,9,3.1,0.8333333333333334
baseline-pegasus,60,0.6,0.4,0.38333333333333336,0.03333333333333333,0.86,0.0,0.0,0,3.4833333333333334,1.0
gold,60,1.0,0.0,0.0,0.0,1.0,0.0,0.0,0,3.4833333333333334,0.9333333333333333
