model,total,factual,non_factual,non_factual_extrinsic,non_factual_intrinsic,extrinsic_factuality_ratio,extrinsic_entity_count,unknown,skipped,failed,ents_per_sum,sum_with_extrinsic,sum_with_extrinsic_factual
gef_oracle,120,0.6583333333333333,0.175,0.13333333333333333,0.058333333333333334,0.939463601532567,175,0.16666666666666666,0.0,5,3.35,0.9166666666666666,0.6166666666666667
gef_classifier,100,0.65,0.35,0.3,0.11,0.8796296296296295,142,0.0,0.0,11,3.42,0.84,0.54
gef_classifier_i10,100,0.65,0.35,0.3,0.11,0.8796296296296295,142,0.0,0.0,11,3.42,0.84,0.54
baseline-pegasus,120,0.48333333333333334,0.35,0.325,0.05,0.8530651340996169,193,0.16666666666666666,0.0,0,3.6166666666666667,1.0,0.5083333333333333
gold,120,1.0,0.0,0.0,0.0,1.0,208,0.0,0.0,0,3.7,0.875,0.875
