model,total,factual,non_factual,non_factual_extrinsic,non_factual_intrinsic,unknown,skipped,failed,ents_per_sum,sum_with_extrinsic,rouge1,rouge2,rougeL
fbs_oracle,50,0.7,0.06,0.0,0.06,0.0,0.24,3,2.973684210526316,0.62,0.5022070804266857,0.3054982061474263,0.4393527810876375
fbs_classifier,50,0.58,0.24,0.16,0.12,0.0,0.18,7,3.097560975609756,0.68,0.5105692159368875,0.3035202380762787,0.4413691463321138
fbs_classifier_i10,50,0.58,0.24,0.16,0.12,0.0,0.18,9,3.097560975609756,0.68,0.5105692159368875,0.3035202380762787,0.4413691463321138
baseline-bart,50,0.32,0.32,0.3,0.04,0.36,0.0,0,3.24,0.88,0.4858945292513455,0.2670540095071275,0.42146425556733264
baseline-pegasus,50,0.54,0.46,0.44,0.04,0.0,0.0,0,3.62,1.0,0.5084631834970166,0.31513870753668516,0.43811213016435735
corrector,50,0.3,0.32,0.26,0.08,0.38,0.0,0,3.3,0.86,0.48159238355680567,0.25607666438098525,0.4169820058433127
gold,50,1.0,0.0,0.0,0.0,0.0,0.0,0,3.42,0.94,1.0,1.0,1.0
