model,total,factual,non_factual,non_factual_extrinsic,non_factual_intrinsic,unknown,skipped,failed,ents_per_sum,sum_with_extrinsic,rouge1,rouge2,rougeL
fbs_oracle,100,0.01,0.0,0.0,0.0,0.98,0.01,1,3.505050505050505,0.97,0.5078955667368775,0.29293795834069825,0.4292111652674616
fbs_classifier,100,0.04,0.0,0.0,0.0,0.81,0.15,9,3.3058823529411763,0.7,0.49623559852114707,0.27487768389294237,0.41458476407693
fbs_classifier_i10,100,0.04,0.0,0.0,0.0,0.84,0.12,11,3.3295454545454546,0.72,0.4926900744837456,0.27053739634017815,0.41015666567263764
baseline,100,0.03,0.02,0.02,0.0,0.95,0.0,0,3.64,0.82,0.46961005952870716,0.24558294398706818,0.39053375278272306
baseline-pegasus,100,0.02,0.01,0.01,0.0,0.97,0.0,0,3.77,1.0,0.5012023838998693,0.29130842394375805,0.41798831379586254
corrector,100,0.03,0.01,0.01,0.0,0.96,0.0,0,3.63,0.79,0.46777322939787624,0.23953884332569347,0.38917888280767243
gold,100,1.0,0.0,0.0,0.0,0.0,0.0,0,3.82,0.91,1.0,1.0,1.0
