model,total,factual,non_factual,non_factual_extrinsic,non_factual_intrinsic,unknown,skipped,failed,ents_per_sum,sum_with_extrinsic,rouge1,rouge2,rougeL
fbs_oracle,40,0.725,0.075,0.0,0.075,0.0,0.2,3,2.8125,0.625,0.4766509390233035,0.2737021832384452,0.4127976752187611
fbs_classifier,40,0.575,0.25,0.15,0.15,0.0,0.175,5,3.0,0.675,0.49138803387933605,0.28289250174970426,0.4294135649771905
fbs_classifier_i10,40,0.575,0.25,0.15,0.15,0.0,0.175,7,3.0,0.675,0.49138803387933605,0.28289250174970426,0.4294135649771905
baseline-bart,40,0.35,0.375,0.35,0.05,0.275,0.0,0,3.125,0.875,0.46949191588113826,0.24656295774965603,0.40690691504700904
baseline-pegasus,40,0.5,0.5,0.475,0.05,0.0,0.0,0,3.6,1.0,0.4869830166065099,0.28631587756842564,0.41540738350335804
corrector,40,0.325,0.375,0.3,0.1,0.3,0.0,0,3.2,0.85,0.46192995579645774,0.2307210949360825,0.39958320176557605
gold,40,1.0,0.0,0.0,0.0,0.0,0.0,0,3.325,0.95,1.0,1.0,1.0
