model,total,factual,non_factual,non_factual_extrinsic,non_factual_intrinsic,unknown,skipped,failed,ents_per_sum,sum_with_extrinsic,rouge1,rouge2,rougeL
fbs_oracle,25,0.76,0.08,0.0,0.08,0.0,0.16,3,2.8095238095238093,0.6,0.4671796871870611,0.2586961137857454,0.4014536098972949
fbs_classifier,25,0.52,0.28,0.16,0.16,0.0,0.2,4,2.9,0.6,0.49208257818178425,0.27650100585365794,0.42290849389326557
fbs_classifier_i10,25,0.52,0.28,0.16,0.16,0.0,0.2,5,2.9,0.6,0.49208257818178425,0.27650100585365794,0.42290849389326557
baseline,25,0.48,0.52,0.48,0.08,0.0,0.0,0,3.2,0.92,0.44223230370896266,0.2235175536442994,0.3848047418841071
baseline-pegasus,25,0.44,0.56,0.56,0.04,0.0,0.0,0,3.8,1.0,0.47383993178603595,0.273663661977121,0.40645413418034637
corrector,25,0.44,0.56,0.44,0.16,0.0,0.0,0,3.32,0.88,0.4377640952044014,0.20867250364451223,0.38071772826474204
gold,25,1.0,0.0,0.0,0.0,0.0,0.0,0,3.32,0.92,1.0,1.0,1.0
