model,total,factual,non_factual,non_factual_extrinsic,non_factual_intrinsic,extrinsic_factuality_ratio,extrinsic_entity_count,unknown,skipped,failed,ents_per_sum,sum_with_extrinsic,sum_with_extrinsic_factual
gef_oracle,110,0.7181818181818181,0.19090909090909092,0.14545454545454545,0.06363636363636363,0.939463601532567,164,0.09090909090909091,0.0,5,3.381818181818182,0.9090909090909091,0.6727272727272727
gef_classifier,100,0.65,0.35,0.3,0.11,0.8796296296296295,142,0.0,0.0,11,3.42,0.84,0.54
gef_classifier_i10,100,0.65,0.35,0.3,0.11,0.8796296296296295,142,0.0,0.0,11,3.42,0.84,0.54
baseline-pegasus,110,0.5272727272727272,0.38181818181818183,0.35454545454545455,0.05454545454545454,0.8530651340996169,182,0.09090909090909091,0.0,0,3.672727272727273,1.0,0.5545454545454546
gold,110,1.0,0.0,0.0,0.0,1.0,198,0.0,0.0,0,3.7545454545454544,0.9,0.9
