model,total,factual,non_factual,non_factual_extrinsic,non_factual_intrinsic,unknown,skipped,failed,ents_per_sum,sum_with_extrinsic,rouge1,rouge2,rougeL
fbs_oracle,100,0.01,0.0,0.0,0.0,0.98,0.01,1,3.505050505050505,0.97,0.5078955667368775,0.29293795834069825,0.4292111652674616
fbs_classifier,2,0.0,0.0,0.0,0.0,1.0,0.0,0,5.0,1.0,0.39059196617336156,0.14518002322880372,0.321353065539112
fbs_classifier_i10,2,0.0,0.0,0.0,0.0,1.0,0.0,0,5.0,1.0,0.39059196617336156,0.14518002322880372,0.321353065539112
baseline,100,0.03,0.02,0.02,0.0,0.95,0.0,0,3.64,0.82,0.46961005952870716,0.24558294398706818,0.39053375278272306
baseline-pegasus,100,0.02,0.01,0.01,0.0,0.97,0.0,0,3.77,1.0,0.5012023838998693,0.29130842394375805,0.41798831379586254
corrector,100,0.03,0.01,0.01,0.0,0.96,0.0,0,3.63,0.79,0.46777322939787624,0.23953884332569347,0.38917888280767243
gold,100,1.0,0.0,0.0,0.0,0.0,0.0,0,3.82,0.91,1.0,1.0,1.0
