model,total,factual,non_factual,non_factual_extrinsic,non_factual_intrinsic,unknown,skipped,failed,ents_per_sum,sum_with_extrinsic,rouge1,rouge2,rougeL
fbs_oracle,75,0.7333333333333333,0.26666666666666666,0.17333333333333334,0.04,0.0,0.0,4,3.013333333333333,0.8533333333333334,0.49858666396669293,0.28731738760859965,0.4249328321854823
fbs_classifier,75,0.6266666666666667,0.37333333333333335,0.21333333333333335,0.09333333333333334,0.0,0.0,8,2.7733333333333334,0.7466666666666667,0.49534483210217023,0.2794572657362841,0.4241414426334687
fbs_classifier_i10,75,0.6533333333333333,0.3466666666666667,0.16,0.09333333333333334,0.0,0.0,10,2.7066666666666666,0.7066666666666667,0.49396610945407027,0.27800033308793665,0.4221497557334718
baseline-pegasus,75,0.6,0.4,0.38666666666666666,0.02666666666666667,0.0,0.0,0,3.5866666666666664,1.0,0.49659395082105673,0.2905992922156434,0.42066903730555827
gold,75,1.0,0.0,0.0,0.0,0.0,0.0,0,3.6533333333333333,0.9333333333333333,1.0,1.0,1.0
