model,total,factual,non_factual,non_factual_extrinsic,non_factual_intrinsic,extrinsic_factuality_ratio,unknown,skipped,failed,ents_per_sum,sum_with_extrinsic
fbs_oracle,75,0.7733333333333333,0.22666666666666666,0.12,0.06666666666666667,0.9447089947089948,0.0,0.0,3,3.08,0.8533333333333334
fbs_classifier,75,0.6266666666666667,0.37333333333333335,0.21333333333333335,0.10666666666666667,0.9117647058823529,0.0,0.0,8,2.7733333333333334,0.7466666666666667
fbs_classifier_i10,75,0.6533333333333333,0.3466666666666667,0.16,0.10666666666666667,0.9340277777777778,0.0,0.0,10,2.7066666666666666,0.7066666666666667
baseline-pegasus,75,0.6,0.4,0.38666666666666666,0.02666666666666667,0.8551282051282052,0.0,0.0,0,3.5866666666666664,1.0
gold,75,1.0,0.0,0.0,0.0,1.0,0.0,0.0,0,3.6533333333333333,0.9333333333333333
