model,total,factual,non_factual,non_factual_extrinsic,non_factual_intrinsic,extrinsic_factuality_ratio,unknown,skipped,failed,ents_per_sum,sum_with_extrinsic
fbs_oracle,75,0.8266666666666667,0.17333333333333334,0.10666666666666667,0.06666666666666667,0.95,0.0,0.0,4,3.2266666666666666,0.88
fbs_classifier,75,0.6266666666666667,0.37333333333333335,0.30666666666666664,0.13333333333333333,0.8839285714285714,0.0,0.0,8,3.2266666666666666,0.8533333333333334
fbs_classifier_i10,75,0.6533333333333333,0.3466666666666667,0.28,0.13333333333333333,0.8919753086419753,0.0,0.0,10,3.2266666666666666,0.84
baseline-pegasus,75,0.6,0.4,0.38666666666666666,0.02666666666666667,0.85546875,0.0,0.0,0,3.5866666666666664,1.0
gold,75,1.0,0.0,0.0,0.0,1.0,0.0,0.0,0,3.64,0.9333333333333333
