model,total,factual,non_factual,non_factual_extrinsic,non_factual_intrinsic,unknown,skipped,failed,ents_per_sum,sum_with_extrinsic,rouge1,rouge2,rougeL
gef_oracle,100,0.26,0.01,0.0,0.01,0.56,0.17,10,2.8313253012048194,0.42,0.46009525736627066,0.2340223481858739,0.38318889985594334
gef_classifier,100,0.19,0.11,0.11,0.0,0.48,0.22,13,2.7564102564102564,0.3,0.4522152529363535,0.2273651910463706,0.3768470455848374
gef_classifier_i10,100,0.19,0.11,0.11,0.0,0.48,0.22,13,2.7564102564102564,0.3,0.4522152529363535,0.2273651910463706,0.3768470455848374
baseline,100,0.22,0.34,0.33,0.01,0.44,0.0,0,3.09,0.6,0.4618721445421874,0.229120153726769,0.38945310893129276
baseline-pegasus,100,0.11,0.17,0.17,0.0,0.72,0.0,0,3.12,0.7,0.5021507057731385,0.274650297439058,0.43073339043999737
corrector,100,0.2,0.32,0.31,0.01,0.48,0.0,0,3.07,0.56,0.46148825215516254,0.22935589981291288,0.3891772823758031
gold,100,1.0,0.0,0.0,0.0,0.0,0.0,0,3.26,0.8,1.0,1.0,1.0
