model,total,factual,non_factual,non_factual_extrinsic,non_factual_intrinsic,unknown,skipped,failed,ents_per_sum,sum_with_extrinsic,rouge1,rouge2,rougeL
gef_oracle,25,0.8,0.12,0.0,0.12,0.0,0.08,1,2.739130434782609,0.48,0.4303293504605577,0.1957091444638952,0.370552814652883
gef_classifier,25,0.68,0.2,0.12,0.08,0.0,0.12,2,2.772727272727273,0.4,0.43693438829321957,0.19382213101871615,0.36254116732633895
gef_classifier_i10,25,0.68,0.2,0.12,0.08,0.0,0.12,2,2.772727272727273,0.4,0.43693438829321957,0.19382213101871615,0.36254116732633895
baseline,25,0.68,0.32,0.2,0.12,0.0,0.0,0,3.0,0.6,0.4451724785464397,0.20018006075824726,0.3773396142805533
baseline-pegasus,25,0.24,0.2,0.2,0.0,0.56,0.0,0,3.32,0.76,0.4778982023216076,0.22089387915474087,0.3784716741396856
corrector,25,0.72,0.28,0.16,0.12,0.0,0.0,0,3.04,0.48,0.4402411737954616,0.18852793752354693,0.37344184313997836
gold,25,1.0,0.0,0.0,0.0,0.0,0.0,0,3.2,0.72,1.0,1.0,1.0
