model,total,factual,non_factual,non_factual_extrinsic,non_factual_intrinsic,unknown,skipped,failed,ents_per_sum,sum_with_extrinsic,rouge1,rouge2,rougeL
fbs_oracle,100,0.14,0.0,0.0,0.0,0.86,0.0,0,2.66,0.02,0.4540659804952892,0.23509539917037334,0.3764014990450573
fbs_classifier,100,0.16,0.01,0.01,0.0,0.72,0.11,5,2.460674157303371,0.02,0.4357667426649256,0.2172377092787386,0.35589989635241526
fbs_classifier_i10,100,0.16,0.01,0.01,0.0,0.72,0.11,5,2.460674157303371,0.02,0.4357667426649256,0.2172377092787386,0.35589989635241526
baseline,100,0.12,0.02,0.02,0.0,0.86,0.0,0,2.65,0.02,0.45378326321257184,0.23504276759142598,0.3760493511929095
baseline-pegasus,100,0.11,0.01,0.01,0.0,0.88,0.0,0,2.82,0.02,0.4404060670288677,0.21821062093038562,0.3577289713760778
corrector,100,0.13,0.02,0.01,0.01,0.85,0.0,0,2.65,0.01,0.44960142130526554,0.23068789065206832,0.37387665513742213
gold,100,1.0,0.0,0.0,0.0,0.0,0.0,0,2.85,0.68,1.0,1.0,1.0
