model,factual,non_factual,unknown,failed,ents_per_sum,sum_with_extrinsic,rouge1,rouge2,rougeL
fbs_oracle,0.7,0.3,0.0,2,3.4444444444444446,0.8,0.4638741402511881,0.23657111181567864,0.3632303998181197
baseline,0.5,0.5,0.0,0,3.5,0.95,0.4606327680698844,0.22785705059645517,0.3712730230839164
corrector,0.45,0.55,0.0,0,3.5,0.95,0.4486908977776305,0.2165264480594573,0.3604032917921902
