model,factual,non_factual,unknown,failed,ents_per_sum,sum_with_extrinsic,rouge1,rouge2,rougeL
fbs_oracle,0.725,0.275,0.0,3,3.5675675675675675,0.8,0.500327514894227,0.27493807023695926,0.4119989723252984
fbs_classifier,0.55,0.45,0.0,7,3.484848484848485,0.725,0.4797411051224998,0.25296986296007157,0.38987205727692004
fbs_classifier_i10,0.55,0.45,0.0,9,3.3548387096774195,0.675,0.48386509929656696,0.2588723522442965,0.39584863678725984
baseline,0.5,0.5,0.0,0,3.725,0.95,0.49900201899821167,0.2675271265704827,0.4137480392705986
corrector,0.525,0.475,0.0,0,3.7,0.95,0.4943204949653673,0.2649856755844085,0.41021532983605724
