model,total,factual,non_factual,non_factual_extrinsic,non_factual_intrinsic,unknown,skipped,failed,ents_per_sum,sum_with_extrinsic,rouge1,rouge2,rougeL
fbs_oracle,100,0.26,0.01,0.0,0.01,0.54,0.19,10,2.8271604938271606,0.37,0.4616718054669554,0.23362783826453742,0.38396446142951024
fbs_classifier,100,0.19,0.11,0.11,0.0,0.48,0.22,13,2.7564102564102564,0.32,0.4522152529363535,0.2273651910463706,0.3768470455848374
fbs_classifier_i10,100,0.19,0.11,0.11,0.0,0.48,0.22,13,2.7564102564102564,0.32,0.4522152529363535,0.2273651910463706,0.3768470455848374
baseline,100,0.22,0.34,0.33,0.01,0.44,0.0,0,3.09,0.61,0.4618721445421874,0.229120153726769,0.38945310893129276
corrector,100,0.2,0.32,0.31,0.01,0.48,0.0,0,3.07,0.61,0.46148825215516254,0.22935589981291288,0.3891772823758031
gold,100,1.0,0.0,0.0,0.0,0.0,0.0,0,3.26,0.8,1.0,1.0,1.0
